Alimentos;CONSUMO X CAPITA;GASTO X CAPITA;PENETRACION (%);PRECIO MEDIO kg ó litros;VALOR (Miles Euros);VOLUMEN (Miles kg ó litros);Nivel;Hoja
.TOTAL ALIMENTACION;47.89526112772215;128.0206608289211;99.339;2.6729295929200343;5889392.7577;2203347.50803;0.0;enero
T.HUEVOS KGS;0.65924402356003;2.00458249810765;75.448;3.040729117698395;92217.7215;30327.50302;1.0;enero
T.HUEVOS UNDS.;10.44854692038258;2.00458249810765;75.448;0.19185275363000018;92217.7215;480669.262;1.0;enero
TOTAL HUEVOS GALLINA;10.27330656215209;1.98773742650032;75.131;0.19348565279102578;91442.79;472607.6;2.0;enero
OTRAS AVES;0.17524035823049;0.01684507160732;2.11;0.09612552597714963;774.9315;8061.662;2.0;enero
MIEL;0.02362661654667;0.16205521822226;6.536;6.859010806822302;7455.1;1086.906;1.0;enero
GRANEL;0.00695201474287;0.05376546130639;1.269;7.733795639814931;2473.397;319.8167;2.0;enero
ENVASADA;0.01667459745629;0.10828973517837;5.36;6.494293818019315;4981.702;767.0891;2.0;enero
TOTAL CARNE;3.08649206539501;23.38513468603453;97.324;7.5766061245460055;1075797.0;141989.3;1.0;enero
CARNE CERTIFICADA;0.44827871800649;3.96375442905448;46.272;8.84216508577821;182346.4;20622.37;2.0;enero
CARNE FRESCA;2.1823730234732;14.96487371149148;89.539;6.857156659531638;688435.9;100396.7;2.0;enero
SALCHICHAS FRESCAS;0.02342850099371;0.18393055327625;8.263;7.850717949288918;8461.441;1077.792;3.0;enero
CARNE VACUNO;0.29197611114429;3.2180430532607;49.881;11.021597077407458;148041.1;13431.91;3.0;enero
TERNERA;0.21174148594494;2.31960401945702;40.134;10.95488684754087;106709.8;9740.84;4.0;enero
AÑOJO;0.06627991256423;0.73378683674531;15.803;11.07102903966902;33756.73;3049.105;4.0;enero
MAYOR;0.01395476045761;0.16465263180831;4.193;11.7990296077432;7574.59;641.9671999999999;4.0;enero
CARNE POLLO;0.87445431372184;4.5713479189631;72.825;5.227657805822424;210297.8;40227.92;3.0;enero
POLLO ENTERO;0.20099777124012;0.77787765521546;17.971;3.8700809984911193;35785.06;9246.592;4.0;enero
POLLO FILETES;0.13269594533831;0.95584863441718;30.554;7.203299482739866;43972.34;6104.472;4.0;enero
POLLO POR PIEZAS;0.54076046671842;2.83762162933046;61.792;5.2474650126523255;130540.4;24876.85;4.0;enero
CARNE CONEJO;0.05246325477625;0.36555732308379;12.081;6.967873507711444;16816.9;2413.491;3.0;enero
CARNE OVINO/CAPRINO;0.06085258111799;0.76420346498663;11.009;12.5582752768511;35156.0;2799.429;3.0;enero
CORDERO;0.05539990374957;0.69876490226631;10.331;12.613106792116572;32145.6;2548.587;4.0;enero
CABRITO;0.00377562073498;0.04685130676305;0.532;12.40890175460414;2155.322;173.6916;4.0;enero
OTRO OVINO/CAPRINO;0.00167704532993;0.01858722769852;0.337;11.083318600106699;855.0767;77.14988000000001;4.0;enero
OVINO/CAPRINO ENTE;0.01245897064275;0.12996865020421;0.559;10.4317325990128;5979.007;573.1556999999999;4.0;enero
OVINO/CAPRINO PIEZ;0.04839360395398;0.6342349669449;10.595;13.105760165083078;29177.0;2226.273;4.0;enero
CARNE CERDO;0.66428836160163;4.4040757013212;69.079;6.629764957348862;202602.7;30559.56;3.0;enero
CARNE CERDO ADOBAD;0.06117638288196;0.46015000018588;17.536;7.521693478898138;21168.49;2814.325;4.0;enero
CARN.CERDO IBERICO;0.01973860642794;0.20327705654906;5.658;10.298450262492759;9351.447;908.0441;4.0;enero
CARNE DESPOJOS;0.03961145929344;0.22907257539195;9.955;5.782987536383312;10538.13;1822.264;3.0;enero
DESPOJOS CERDO;0.01876176893535;0.11319997503213;5.268;6.033544887060248;5207.59;863.1062;4.0;enero
DESPOJOS CORDERO;0.00230215533014;0.0130239847224;0.884;5.657300596466149;599.1483000000001;105.9071;4.0;enero
DESPOJOS POLLO;0.00947410572605;0.03910604073717;2.764;4.127676201629216;1799.013;435.84159999999997;4.0;enero
DESPOJOS TERNERA;0.00786005305561;0.05753835181168;2.663;7.3203515809083015;2646.963;361.58959999999996;4.0;enero
DESPOJOS OT.PROCED;0.00121337385514;0.00620412526982;0.47;5.1131192942094135;285.4112;55.81939;4.0;enero
OTRAS CARNES FRESCA;0.19872650706778;1.41257237023422;41.578;7.1081225704449285;64983.21;9142.106;3.0;enero
AVESTRUZ;0.00042723703772;0.00353148255214;0.12;8.265862367574046;162.4604;19.65438;4.0;enero
PAVO;0.10185239264449;0.72808443900467;24.957;7.14842744584321;33494.4;4685.562;4.0;enero
OTRAS AVES;0.02131714654858;0.13224806593814;6.265;6.203835285211302;6083.868;980.6624;2.0;enero
CARNE CABALLO;0.00238606424456;0.02866228176148;0.911;12.012367993353205;1318.564;109.7672;4.0;enero
CARNE CONGELADA;0.07191290247509;0.36543624522226;10.746;5.0816506168533015;16811.33;3308.242;2.0;enero
C.CONG.POLLO;0.04504631191384;0.16546826619258;6.784;3.673292200014863;7612.112;2072.286;3.0;enero
C.CONG.CERDO;0.0132185722795;0.08760428900451;2.756;6.627363920407827;4030.1;608.1;3.0;enero
C.CONG.VACA;0.00492729074686;0.04531670464627;1.305;9.197083544357408;2084.725;226.67239999999998;3.0;enero
RESTO CARNES CONG.;0.00872072970861;0.06704702885389;2.352;7.688236087358485;3084.395;401.1837;3.0;enero
C.CONG.CABALLO;0.0;0.0;0.0;;0.0;0.0;4.0;enero
SALCHICHAS CONGELAD;0.00010971358474;0.00102934680911;0.036;9.382127213403699;47.35351;5.047204;3.0;enero
CARNE TRANSFORMADA;0.83220726979659;8.05481886019644;92.341;9.678861447779918;370549.5;38284.41;2.0;enero
JAMON CURADO+PALETA;0.14143557145358;2.29356032360423;53.417;16.216290569851033;105511.7;6506.525;3.0;enero
JAMON C.+P.ENTERO;0.04890371780973;0.50819530421611;7.201;10.391751935779247;23378.74;2249.74;4.0;enero
JAMON C.+P.LONCHA;0.09253185364384;1.7853652367631;50.964;19.29460144216821;82132.97;4256.785;4.0;enero
JAMON CURADO NORMAL;0.11099942293943;1.5237268467439;46.985;13.72734025451021;70096.7;5106.357;3.0;enero
JAMON C.N.ENTER/PI;0.03424990551488;0.33785418666561;5.721;9.864383027822804;15542.46;1575.614;4.0;enero
JAMON C.N.LONCHA;0.07674951742454;1.18587266007829;44.747;15.451206729008597;54554.24;3530.743;4.0;enero
JAMON IBERICO;0.01937762267434;0.52157234285299;7.99;26.91621937418839;23994.13;891.4376;3.0;enero
JAMON IBE.ENTER/PI;0.01092149482879;0.12505573663824;1.484;11.45042309671166;5752.996;502.4265;4.0;enero
JAMON IBE.LONCHA;0.0084561256718;0.39651651926475;7.117;46.891039070874605;18241.13;389.011;4.0;enero
PALETA CURADA NORM.;0.00585906423321;0.08025303685979;3.643;13.697244758793962;3691.917;269.5372;3.0;enero
PALETA C.N.ENTR/PI;0.00157000532697;0.01256047823521;0.337;8.000277463677389;577.8254000000001;72.22567;4.0;enero
PALETA C.N.LONCHA;0.00428905825411;0.06769256731958;3.348;15.782617840318482;3114.092;197.3115;4.0;enero
PALETA IBERICA;0.00519945073784;0.16800831452251;2.79;32.31270435928855;7728.963;239.1927;3.0;enero
PALETA IB.ENTER/PI;0.00216231822557;0.03272502005952;0.119;15.13422939898633;1505.464;99.47411;4.0;enero
PALETA IBE.LONCHA;0.00303713272963;0.13528329446298;2.682;44.54309590849034;6223.499;139.7186;4.0;enero
HUESOS JAMON CURADO;0.004717082624;0.01779837173753;2.213;3.773173623665393;818.7866;217.0021;3.0;enero
LOMO EMBUCHADO N+IB;0.01801947686793;0.33919734664119;14.834;18.823928637173747;15604.25;828.9581999999999;3.0;enero
LOMO EMB.AL CORTE;0.0059494248369;0.12558074067984;4.155;21.108047268830422;5777.148;273.6941;4.0;enero
LOMO EMB.ENVASADO;0.01207005203102;0.21361662769884;11.403;17.69807016156816;9827.103;555.2641;4.0;enero
LOMO EMB.NORMAL;0.01491594043068;0.22273544272192;13.113;14.932712004113178;10246.6;686.1848;4.0;enero
LOMO E.N.AL CORTE;0.00458389915006;0.06963111735392;3.323;15.190368521286523;3203.272;210.8752;5.0;enero
LOMO E.N.ENVASADO;0.01033203910686;0.15310439058049;10.468;14.818409899234078;7043.331;475.3095;5.0;enero
LOMO EMB.IBERICO;0.00310353643724;0.11646183870677;2.334;37.52552646361298;5357.647;142.77339999999998;4.0;enero
LOMO E.I.AL CORTE;0.00136552590421;0.05594962332591;1.139;40.972949068998496;2573.876;62.81891;5.0;enero
LOMO E.I.ENVASADO;0.0017380107504;0.06051223711835;1.202;34.8169521415305;2783.772;79.9545;5.0;enero
OTRAS SALAZONES;0.02390355226586;0.16471951808837;9.032;6.891005832786188;7577.667;1099.646;3.0;enero
O.SALAZONES AL COR;0.01372623197178;0.08783468474138;4.508;6.399038346571826;4040.699;631.4540999999999;4.0;enero
O.SALAZONES ENVASA;0.01017732898907;0.07688483334699;4.962;7.554519798809165;3536.968;468.1923;4.0;enero
TOCINO Y MANTECA;0.0293353398991;0.20798085538829;18.211;7.089771453257326;9567.838;1349.527;3.0;enero
TOCINO;0.00207178241765;0.01375828173821;1.113;6.640794719079963;632.9285;95.30914999999999;4.0;enero
CHORIZOS;0.07419636138356;0.70745185842493;34.603;9.534859192995377;32545.23;3413.289;3.0;enero
CHOR.IBERICO;0.01136358988086;0.15252317337014;5.83;13.422094159433962;7016.593;522.7644;4.0;enero
CHOR.NORMAL;0.0628327584602;0.55492875026727;31.594;8.831838102710789;25528.64;2890.524;4.0;enero
CHORIZO DE PAVO;0.00178410750515;0.02360531379904;1.821;13.230880835858764;1085.926;82.07511;4.0;enero
CHORIZO DE CERDO;0.07219625075607;0.68112122760407;33.586;9.434301926638458;31333.93;3321.277;4.0;enero
SALCHICHON/SALAMI;0.03232328936671;0.32557206578192;22.012;10.072368009587198;14977.44;1486.983;3.0;enero
SALCHICHON DE PAVO;0.00220752330817;0.02850840201609;2.201;12.914202042860083;1311.485;101.55369999999999;4.0;enero
SALCHICHON DE CERD;0.02982391189475;0.29355881834322;20.532;9.843068856263434;13504.72;1372.003;4.0;enero
FUET/LONGANIZAS;0.04605017128967;0.50629675117731;26.557;10.994459672961627;23291.4;2118.467;3.0;enero
FUET/LONGANIZ.PAVO;0.00269875597352;0.03705734680257;2.64;13.731269950327059;1704.766;124.1521;4.0;enero
FUET/LONGANIZ.CERD;0.04278039516592;0.45954808887784;24.821;10.742025338838625;21140.8;1968.046;4.0;enero
OTROS PROD.CURADOS;0.0197564376972;0.23193670807333;14.284;11.73980408958696;10669.89;908.8644;3.0;enero
O.PROD.CURAD.CORTE;0.00733260354553;0.08251134548357;4.642;11.252666937621898;3795.807;337.32509999999996;4.0;enero
O.PROD.CURAD.ENVAS;0.01242383415166;0.14942542780225;10.249;12.027319906085198;6874.086;571.5393;4.0;enero
SALCHICHAS;0.10365390949408;0.39938521682062;28.714;3.8530646723308553;18373.1;4768.438;3.0;enero
JAMON COCIDO;0.09242403565584;0.87031832005695;42.981;9.41657993920258;40037.65;4251.825;3.0;enero
J.COC.SIN/BAJO SAL;0.00336113447859;0.03497556839666;2.716;10.4058818888166;1608.997;154.6238;4.0;enero
PALETA COCIDA;0.00282674418554;0.02938272764383;1.471;10.394547831436483;1351.707;130.04;3.0;enero
FIAMBRES;0.18096734108089;1.40875113553431;58.857;7.784560059953469;64807.42;8325.123;3.0;enero
PAVO;0.09373821954714;0.82070291657638;40.625;8.755264613956136;37755.17;4312.282;4.0;enero
POLLO;0.00714038320192;0.06772876025305;5.544;9.485311689549178;3115.757;328.4823;4.0;enero
PROD.A BASE SANGRE;0.00951379622289;0.06138486722127;4.958;6.45219487396254;2823.916;437.6675;3.0;enero
MORCILLA;0.00921223409269;0.06008096516632;4.84;6.521866961023099;2763.932;423.7946;4.0;enero
FOIE-GRAS Y PATES;0.01710401519977;0.1657880899945;15.255;9.69293397240977;7626.825;786.8438000000001;3.0;enero
COCIDOS Y OTROS;0.0359801668474;0.32529339106292;24.667;9.040908354941845;14964.62;1655.212;3.0;enero
COCIDOS Y O. CORTE;0.00479220741564;0.04503161736548;3.469;9.396842302460195;2071.61;220.4581;4.0;enero
COCIDOS Y O.ENVASA;0.03118796160551;0.28026177369744;21.982;8.986216452437143;12893.01;1434.754;4.0;enero
COCIDOS DE PAVO;0.00096736711701;0.01116180503831;1.134;11.538334146401201;513.4816;44.502230000000004;4.0;enero
COCIDOS DE CERDO;0.03355639239203;0.30369979571509;23.46;9.050430456497658;13971.24;1543.71;4.0;enero
TOTAL PESCA;1.49222290887354;14.47142164763526;91.259;9.697895375805146;665735.4;68647.41;1.0;enero
PESCADOS;0.82200934018105;7.44576461045032;71.031;9.058004874750333;342530.9;37815.27;2.0;enero
PESCADOS FRESCOS;0.65643134310068;5.89438331928281;55.651;8.979436130274378;271162.0;30198.11;3.0;enero
PESCADOS CONGELADOS;0.16557814924285;1.55138259541736;36.572;9.369488682603388;71368.96;7617.167;3.0;enero
MERLUZA/PESCAD;0.15607110251296;1.35480910053506;31.889;8.680717177752614;62325.9;7179.81;3.0;enero
MERLUZA/PESCAD.FRE;0.08950118999349;0.83968236046503;16.613;9.381801074668163;38628.29;4117.364;4.0;enero
MERLUZA/PESCAD.CON;0.06656993425696;0.51512674007003;17.821;7.738129019049146;23697.61;3062.447;4.0;enero
SARDINA/BOQUERON;0.10511842991866;0.63279637935494;23.845;6.019842380109562;29110.82;4835.811;3.0;enero
BOQUERONES FRESCOS;0.07051455099315;0.42977032569045;17.541;6.094775044830117;19770.92;3243.913;4.0;enero
SARDINAS FRESCAS;0.03133034221467;0.18357166719117;9.592;5.859229558788431;8444.931;1441.304;4.0;enero
ATUN Y BONITO;0.02666945319567;0.35311804009259;8.804;13.240542935086932;16244.65;1226.887;3.0;enero
TRUCHA FRESCA;0.01599106184483;0.12699022176054;4.974;7.941325159815731;5841.989;735.6441;3.0;enero
LENGUADO;0.01137207185242;0.1322151771043;3.449;11.626305111338025;6082.355;523.1546;3.0;enero
LENGUADO FRESCO;0.00956392506606;0.10987878972659;2.892;11.488880241905424;5054.804;439.9736;4.0;enero
LENGUADO CONGELADO;0.00180814700372;0.0223363873777;0.595;12.353192152872392;1027.551;83.18101;4.0;enero
BACALAO;0.08715101870493;0.81275764383525;21.818;9.325853626415727;37389.66;4009.248;3.0;enero
BACALAO FRESCO;0.06407562162194;0.54701130152305;15.93;8.536964412932116;25164.41;2947.7;4.0;enero
BACALAO CONGELADO;0.02307539708299;0.2657463423122;8.096;11.516436374049972;12225.25;1061.548;4.0;enero
BACALADILLA;0.03393790721209;0.21156775986426;8.99;6.233966005683867;9732.848;1561.261;4.0;enero
CABALLA FRESCA;0.03147989619803;0.18355586403043;7.817;5.8308916546516185;8444.204;1448.184;3.0;enero
SALMON;0.08667044610839;1.13513234109787;19.818;13.09710970771029;52220.01;3987.14;3.0;enero
SALMON FRESCO;0.07541485681051;0.92549874029344;15.491;12.272101008144478;42576.14;3469.344;4.0;enero
SALMON CONGELADO;0.01125558712412;0.20963360080443;5.18;18.62484813031544;9643.87;517.7959000000001;4.0;enero
LUBINA;0.04234842761397;0.40124812036339;10.745;9.474923697780588;18458.8;1948.174;3.0;enero
DORADA;0.0524780580121;0.42822152898774;11.582;8.160010968563963;19699.67;2414.172;3.0;enero
RODABALLO;0.00320991757666;0.03792493380606;0.58;11.814924495809162;1744.678;147.66729999999998;3.0;enero
RAPE;0.02316008637356;0.27515020114107;4.889;11.880361614500622;12657.86;1065.444;3.0;enero
OTROS PESCADOS;0.1802894354813;1.57184518876601;34.875;8.718454215410606;72310.31;8293.937;3.0;enero
OTROS PESCADOS FRE;0.1327149656487;1.22090155055652;24.723;9.199426338912433;56165.69;6105.347;4.0;enero
OTROS PESCADOS CON;0.0475744698326;0.35094363820948;14.451;7.376721999095308;16144.62;2188.59;4.0;enero
PEZ ESPADA/EMPERDR;0.00940313279645;0.14269704191325;3.886;15.175478747579042;6564.557;432.5766;4.0;enero
MARISCO/MOLUSCO/CRUS;0.3293576509858;3.31838116834865;49.458;10.075312227957594;152657.0;15151.59;2.0;enero
MARISCO/MOLUSC CONG;0.11128672744497;1.21587562374063;29.469;10.92561217007509;55934.48;5119.574;3.0;enero
MARISCO/MOLUSC FRES;0.18026348090919;1.70582577673642;28.64;9.46295815510019;78473.88;8292.743;3.0;enero
MARISCO/MOLUSC COCI;0.03780735568164;0.39668020262154;13.572;10.492143538463573;18248.66;1739.269;3.0;enero
ALMEJAS,BERBERECHO;0.02285100089545;0.21638548492832;8.68;9.469409498442294;9954.48;1051.225;3.0;enero
ALMEJAS CONGELADO;0.00569175071432;0.03889729554789;2.141;6.833977364820222;1789.41;261.84020000000004;4.0;enero
BERBEREC.CONGELADO;0.00011724023675;0.00218682051547;0.095;18.652474406020925;100.60130000000001;5.3934560000000005;4.0;enero
ALMEJAS,BERB.FRESC;0.01704200464042;0.1753013536487;6.621;10.286427996440265;8064.468;783.9911;4.0;enero
MEJILLON;0.04002140676034;0.18498756083366;9.39;4.622215354433136;8510.067;1841.123;3.0;enero
MEJILLON CONGELADO;0.00205247060742;0.01774499531221;0.903;8.645675727599677;816.3311;94.42074000000001;4.0;enero
MEJILLON FRESCO;0.03796895223866;0.16724256769519;8.645;4.4047190621416465;7693.736;1746.703;4.0;enero
CALAMARES,PULPO;0.07073627346848;0.70363018897507;20.163;9.947232932599452;32369.42;3254.113;3.0;enero
CALAMARES CONGELAD;0.02514115495318;0.24768096019687;9.043;9.851614241989314;11394.18;1156.58;4.0;enero
PULPO CONGELADO;0.00290039734859;0.04718041247644;0.862;16.266878915492445;2170.462;133.42829999999998;4.0;enero
CALAMAR Y PULPO FR;0.04269472768795;0.40876885977675;11.65;9.574223374004953;18804.78;1964.105;4.0;enero
GAMBAS/LANGOSTINOS;0.10158656478656;1.23080450232988;29.92;12.11581969442366;56621.26;4673.333;3.0;enero
GAMBAS/LANG.CONG.;0.05599227229617;0.67388655365888;18.862;12.03534927274153;31001.11;2575.838;4.0;enero
GAMBAS/LANG.COCIDO;0.02182212165991;0.23461107240083;8.533;10.751066099673968;10792.92;1003.893;4.0;enero
GAMBAS/LANG.FRESCO;0.02377217083047;0.32230709364513;8.047;13.55816832814863;14827.24;1093.602;4.0;enero
OTROS MARISC/MOLUSC;0.09416233986246;0.98257380081915;24.078;10.434891510282233;45201.79;4331.793;3.0;enero
OTROS MARISC.CONG.;0.0193914520703;0.18829859472783;7.265;9.710391673872723;8662.386;892.0738;4.0;enero
OTROS MARISC.COCI.;0.01598523619548;0.1620692171707;6.247;10.138681417576667;7455.744;735.3761;4.0;enero
OTROS MARISC.FRES.;0.05878564942292;0.63220598892061;14.115;10.754427230569496;29083.66;2704.343;4.0;enero
CONS.PESCADO/MOLUSCO;0.34085591770668;3.70727369508653;75.627;10.876365943796614;170547.4;15680.55;2.0;enero
SARDINAS;0.01603209354526;0.14351354579742;13.039;8.951640993871857;6602.119;737.5317;3.0;enero
ATUN;0.1806643421021;1.59985612814995;51.611;8.85540616114383;73598.91;8311.184;3.0;enero
CHICHARRO/CABALLA;0.01007443019677;0.09458322129064;7.243;9.388443757435939;4351.155;463.4586;3.0;enero
MEJILLONES;0.02249644057239;0.20872953828;14.761;9.278336170928213;9602.28;1034.914;3.0;enero
BERBERECHOS;0.00495972744075;0.11412618806659;4.782;23.010576574981393;5250.199;228.1646;3.0;enero
ALMEJAS;0.00232535358756;0.02582566875203;2.433;11.10612548995413;1188.07;106.9743;3.0;enero
CALAMARES;0.00741213452794;0.06329189788413;5.749;8.538956982707097;2911.646;340.9838;3.0;enero
PULPO;0.00050771642714;0.00618715915296;0.651;12.186249690131872;284.6307;23.35671;3.0;enero
ANCHOAS;0.00685914128445;0.15381409813904;10.827;22.42468725459064;7075.98;315.5442;3.0;enero
SALMON AHUMADO;0.01079133069327;0.33300933320457;12.575;30.85896843214215;15319.58;496.4385;3.0;enero
TRUCHA AHUMADA;0.00016509290308;0.00480337831565;0.329;29.095001819655547;220.972;7.594844;3.0;enero
OTROS AHUMADOS;0.00259067278805;0.05110459596489;2.021;19.72638003555969;2350.988;119.17989999999999;3.0;enero
OTRAS CONS.PESCADO;0.07597742324793;0.90842937031731;33.611;11.95656987935537;41790.89;3495.224;3.0;enero
BOQUERONES;0.00339768608077;0.06194845532108;4.095;18.232542338615517;2849.843;156.3053;4.0;enero
PESCADO SALADO;0.00947857930306;0.13949326083215;4.596;14.716684470541503;6417.172;436.04740000000004;4.0;enero
SUSHI;0.00294251809766;0.07287506933055;2.077;24.766226378854363;3352.505;135.366;4.0;enero
TOTAL LECHE LIQUIDA;5.1818846660443;4.24446595157689;80.401;0.8190969550885417;195260.1;238384.6;1.0;enero
LECHE PASTERIZADA;0.18089215107675;0.17482478075172;6.196;0.9664586313506529;8042.544;8321.664;2.0;enero
LECHE ESTERILIZADA;4.94667189971041;4.01497666835629;78.764;0.8116521066601043;184702.8;227564.0;2.0;enero
LECHE CRUDA;0.05432081089461;0.05466448073138;0.562;1.0063266698546787;2514.755;2498.945;2.0;enero
LECHE BOTELLA VIDRIO;0.00061754469892;0.00135687785817;0.115;2.1972140001175675;62.42107;28.40919;2.0;enero
LECHE BOTELLA PLAST.;0.67465388732352;0.5998458110205;15.342;0.889116363651595;27594.98;31036.41;2.0;enero
LECHE CARTON;4.44936795128269;3.58636321228714;74.199;0.8060388018152657;164985.1;204686.3;2.0;enero
LECHE BOLSA;0.00292528895707;0.00223534078383;0.069;0.7641435826099363;102.8334;134.5734;2.0;enero
LECHE ENVASADA;5.12756483333708;4.18980266640788;80.281;0.8171135427030972;192745.4;235885.7;2.0;enero
LECHE ENTERA;1.45028127678931;1.187070830945;31.554;0.8185107605974105;54609.36;66717.95;3.0;enero
LECHE DESNATADA;1.28331816636303;1.04304947546657;28.05;0.8127754307590129;47983.88;59037.07;3.0;enero
LECHE SEMIDESNATAD;2.39396582493468;1.95968149049639;47.712;0.8185920910336536;90152.12;110130.7;3.0;enero
LECHE DE CABRA;0.01141575770131;0.01830191000026;0.342;1.6032146511101382;841.9511;525.1643;3.0;enero
LECHE SIN LACTOSA;0.6501818125459;0.59518181353935;17.43;0.9154082781996087;27380.42;29910.61;3.0;enero
LECHE ENRIQUECIDA;0.65192276872723;0.58380114668038;17.619;0.8955066070481849;26856.87;29990.7;3.0;enero
L.ENRQ.CON CALCIO;0.28053457929209;0.26399712588179;7.335;0.9410502140162845;12144.78;12905.56;4.0;enero
L.ENRQ.CON VITAMIN;0.35090125008919;0.29795435772924;10.361;0.8491117020914136;13706.93;16142.67;4.0;enero
L.ENRQ.OTROS ADIT.;0.02048710237717;0.02184961959435;0.882;1.066506096962527;1005.158;942.4775;4.0;enero
BIFIDUS+FIBRA;0.00756132984259;0.00901105137882;0.199;1.191728381965305;414.5395;347.84729999999996;5.0;enero
RESTO OTROS ADITI;0.01292577253458;0.01283856604178;0.695;0.9932532858236937;590.6184000000001;594.6302;5.0;enero
TOTAL OTRAS LECHES;0.04232242956686;0.28075238901786;9.908;6.633654823012894;12915.58;1946.978;1.0;enero
LECHE CONDENSADA;0.02504133636429;0.07199970030293;6.375;2.8752339434091327;3312.235;1151.988;2.0;enero
LECHE EN POLVO;0.01126169101344;0.18986817247822;1.757;16.85965031818648;8734.592;518.0767;2.0;enero
LECHE EVAPORADA;0.00601939784162;0.01888446624045;2.152;3.137268334361935;868.7506999999999;276.9131;2.0;enero
PREPARADOS LACTEOS;0.19579285786913;0.24604999575331;5.283;1.2566852459846336;11319.15;9007.148;1.0;enero
DERIVADOS LACTEOS;2.84911859180148;11.3334856204631;96.71;3.9778918480529;521379.5;131069.3;1.0;enero
BATIDOS DE LECHE;0.16468695531699;0.25547102720527;14.323;1.551252354587127;11752.55;7576.169;2.0;enero
BATIDOS CON CEREAL;0.00081497269483;0.00130938229546;0.085;1.6066578717983462;60.236110000000004;37.49156;3.0;enero
BATIDOS DE YOGURT;0.11297394853227;0.2050772474113;13.283;1.8152613949994536;9434.262;5197.192;2.0;enero
BATIDO YOG.SIN LACT;0.00274552202582;0.01146846678544;0.91;4.177153443887145;527.5891;126.3035;3.0;enero
LECHES FERMENTADAS;1.12933016824333;2.76223598771669;79.353;2.445906489873846;127072.4;51953.09;2.0;enero
YOGURT;0.77079405687847;1.59448913999699;68.689;2.068631855380791;73352.01;35459.19;3.0;enero
Y.CON ADITIVOS;0.21343305453176;0.55556870219608;31.957;2.6030115317184896;25558.08;9818.658;4.0;enero
Y.SIN ADITIVOS;0.55736095887171;1.03892022042593;58.527;1.8639989110989517;47793.92;25640.53;4.0;enero
YOGURT NATURAL;0.18429372164835;0.31784677651632;24.986;1.7246750115709233;14622.05;8478.148;4.0;enero
YOGURT SABORES;0.1569004532582;0.27264951941926;20.676;1.7377229559087515;12542.82;7217.963;4.0;enero
YOGURT FRUTAS;0.03356826106571;0.09011825233734;7.347;2.6846267717269674;4145.751;1544.256;4.0;enero
YOGURT DESNATADO;0.16008545314138;0.29830302719045;21.4;1.8633987119803639;13722.97;7364.484;4.0;enero
YOGURT ENRIQUECIDO;0.01147792042314;0.05747631299358;4.013;5.007554580852386;2644.109;528.024;4.0;enero
OTROS;0.22446835602915;0.55809525154002;32.88;2.4862981197561185;25674.31;10326.32;4.0;enero
YOGURT SIN LACTOSA;0.02265303750497;0.08112529742526;4.778;3.581210573082895;3732.044;1042.118;4.0;enero
L.F.CON BIFIDUBACTE;0.21228185839733;0.62390617759392;26.86;2.939046145083931;28701.84;9765.699;3.0;enero
O.LECHES FERMENTADS;0.14625414428004;0.54384023537581;19.203;3.7184603421184517;25018.53;6728.196;3.0;enero
LECHE FERM. SIN LACT;0.02388277121817;0.08885593411527;4.973;3.7205035087240255;4087.68;1098.69;2.0;enero
MANTEQUILLA;0.02681039912999;0.24281132598859;17.57;9.056609892724897;11170.16;1233.371;2.0;enero
MANTEQ.ENV.LIGHT;0.00458676632599;0.04017685160554;3.288;8.759297672921905;1848.274;211.0071;3.0;enero
MANTEQ.ENV.NORMAL;0.02222363497774;0.20263438743305;14.877;9.11796776881815;9321.882;1022.364;3.0;enero
QUESO;0.60976550066699;4.98443645425931;87.951;8.174349727570752;229301.3;28051.32;2.0;enero
QUESO FRESCO;0.17934615851124;1.05312654459556;53.663;5.872032907409852;48447.46;8250.543;3.0;enero
Q.FRESCO LIGHT;0.05268986818854;0.22157074760149;19.13;4.205186978426645;10193.02;2423.916;4.0;enero
Q.FRESCO SIN SAL;0.00066769680122;0.00504211255659;0.361;7.551500242867318;231.9546;30.71636;4.0;enero
Q.FRESCO BAJO SAL;0.00589223565452;0.04510713343208;2.908;7.655351224363912;2075.084;271.0632;4.0;enero
Q.FRESCO CALCIO/VI;0.00726496514806;0.01723033831947;2.156;2.3717028187072033;792.6551;334.2135;4.0;enero
QUESO FUNDIDO;0.06028907996817;0.39282353580057;30.276;6.515666452497309;18071.24;2773.506;3.0;enero
QUESO TIERNO;0.04228506280852;0.34400307260658;18.2;8.1353331355876;15825.33;1945.259;3.0;enero
QUESO SEMICURADO;0.16274779663271;1.59194324428021;52.632;9.781657738032827;73234.89;7486.961;3.0;enero
QUESO CURADO;0.02759638356755;0.31124488112574;12.103;11.278466265835597;14318.34;1269.529;3.0;enero
QUESO DE BOLA;0.01530270268265;0.15459432213974;5.852;10.102419510177318;7111.873;703.9771999999999;3.0;enero
Q.EMMENTAL+GRUYERE;0.00821076584159;0.06564393859747;5.347;7.994861851364331;3019.848;377.7236;3.0;enero
QUESO TIPO AZUL;0.00620157111385;0.07478357814324;7.081;12.058811673724305;3440.303;285.2937;3.0;enero
OTROS TIPOS QUESO;0.10778590345942;0.9962738586701;47.68;9.243081207230215;45832.04;4958.524;3.0;enero
QUESO LECHE CABRA;0.05074531860486;0.56688785193689;22.564;11.171234461074508;26078.8;2334.46;3.0;enero
QUESO LECHE OVEJA;0.03973395009232;0.50122887099109;16.757;12.61462476865516;23058.26;1827.899;3.0;enero
QUESO LECHE VACA;0.06319442694497;0.55779983894788;23.824;8.826725170458339;25660.72;2907.162;3.0;enero
QUESO LECHE OTROS;0.45609160938735;3.35852163138324;82.271;7.36369966528118;154503.6;20981.79;3.0;enero
QUESO SIN LACTOSA;0.00941422761521;0.09851968646523;4.667;10.464978168358783;4532.246;433.087;3.0;enero
HELADOS Y TARTAS;0.37004046458506;1.55591551578809;46.622;4.204717226081675;71577.49;17023.14;2.0;enero
HELADOS;0.33024627988694;1.37110222447254;44.041;4.151756758446783;63075.44;15192.47;3.0;enero
TARTAS;0.03979403253563;0.18481333479054;8.563;4.644247466628211;8502.052;1830.663;3.0;enero
NATA;0.07979259318602;0.28205989949741;25.92;3.5349133075528467;12975.73;3670.735;2.0;enero
NATILLAS;0.06167197608933;0.1539969539687;14.622;2.4970329107927607;7084.392;2837.124;2.0;enero
FLANES PREPARADOS;0.07273466683367;0.20952678274131;17.859;2.8807003848721746;9638.956;3346.046;2.0;enero
CUAJADAS;0.0175468688905;0.04921106428804;4.599;2.8045496091135886;2263.879;807.2166;2.0;enero
CREMA DE CHOCOLATE;0.02979352287313;0.07374906889582;7.475;2.475338992634639;3392.712;1370.605;2.0;enero
CREMA CATALANA;0.00227919401145;0.01311592564217;1.246;5.754633250294705;603.3779000000001;104.8508;2.0;enero
POSTRES CON NATA;0.02138500449478;0.05858492537025;6.646;2.7395329930621974;2695.109;983.7841;2.0;enero
OT.DERIVADOS LACTEOS;0.15030677464171;0.4872927439164;30.311;3.2419878949433456;22417.15;6914.631;2.0;enero
OT.DERIVD.SIN LACTS;0.01143563229534;0.05585649988627;3.314;4.884426015428113;2569.592;526.0785999999999;3.0;enero
PAN;2.36477671318181;5.93695620829682;96.979;2.510577922728539;273120.5;108787.9;1.0;enero
PAN FRESCO/CONGELADO;1.88922547858422;4.37264327981788;88.288;2.3145163610088035;201156.7;86910.9;2.0;enero
PAN RESCO/CONG.GRAN;1.1559277355345;2.70061670332149;60.737;2.336319668004785;124237.7;53176.67;3.0;enero
PAN RESCO/CONG.ENV.;0.73329752567475;1.67202592437146;70.547;2.280146687843976;76918.97;33734.22;3.0;enero
PAN FRESCO INTEGRAL;0.26752164373971;0.56685372406569;31.827;2.1189078989706602;26077.23;12306.92;3.0;enero
PAN FRESCO NORMAL;1.62170383484451;3.80578803412736;85.464;2.3467836434463685;175079.4;74603.98;3.0;enero
PAN FRESCO SIN SAL;0.08173820790708;0.18952650249123;9.908;2.318701465863881;8718.874;3760.24;3.0;enero
PAN INDUSTRIAL;0.47555058247265;1.56431271110395;77.0;3.2894770162412796;71963.79;21876.97;2.0;enero
PAN INDUSTRIAL FRES;0.33836610473366;0.92338020377911;59.016;2.7289382442899623;42478.68;15566.01;3.0;enero
PAN IND.F.INTEGRAL;0.0283096778132;0.08097943881649;7.566;2.860486062427486;3725.334;1302.343;4.0;enero
PAN IND.F.NORMAL;0.25642312959936;0.66217330308692;48.435;2.5823462342165158;30462.26;11796.35;4.0;enero
PAN IND.F.S/CORTEZ;0.05363338427108;0.1802274401382;14.79;3.360359272263317;8291.085;2467.321;4.0;enero
PAN IND.F.ENRIQUEC;0.14065860807751;0.43235034927844;35.684;3.0737567731380846;19889.61;6470.782;4.0;enero
PAN INDUSTRIAL SECO;0.13718449947649;0.64093250732484;51.611;4.67204756930046;29485.11;6310.961;3.0;enero
PAN IND.S.INTEGRAL;0.02596357143669;0.10663231620025;11.904;4.106997238813343;4905.455;1194.414;4.0;enero
PAN IND.S.NORMAL;0.11122092803979;0.53430029981207;45.928;4.803954698354183;24579.66;5116.547;4.0;enero
BOLL.PAST.GALLET.CERE;0.9795233777835;4.97962811979421;87.52;5.083725649368662;229080.1;45061.46;1.0;enero
BOLLERIA/PASTELERIA;0.42299213919448;2.64009081505466;69.189;6.241465432625353;121453.3;19459.1;2.0;enero
BOLL./PAST.ENVASADA;0.31002932026097;1.81543210866832;61.259;5.855678769802039;83516.15;14262.42;3.0;enero
O.PASTEL/TARTA ENV;0.00684181649888;0.05237400061118;3.647;7.654984698831316;2409.385;314.7472;4.0;enero
BOLL./PAST.GRANEL;0.11296271024603;0.8246589237613;28.553;7.300275657030698;37937.16;5196.675;3.0;enero
O.PASTEL/TARTA GRA;0.00618175521106;0.07132805510265;1.228;11.53847939093213;3281.337;284.3821;4.0;enero
GALLETAS;0.41693302911853;1.76157854528423;67.642;4.225087537460193;81038.7;19180.36;2.0;enero
GALLETAS ENVASADAS;0.41504251895384;1.7435851142859;67.438;4.200979501282905;80210.94;19093.39;3.0;enero
GALLETAS SALADAS;0.02032572102137;0.10142714197929;11.017;4.990088266616644;4665.999;935.0534;4.0;enero
GALLETAS DULCES;0.39471687183995;1.64215795056911;65.082;4.160343952145405;75544.94;18158.34;4.0;enero
DIETETICAS;0.01893192789267;0.09544463484481;8.648;5.041464101589317;4390.783;870.9341;5.0;enero
GALLETAS GRANEL;0.00189039908607;0.01799345273582;0.897;9.51833550298287;827.761;86.96489;3.0;enero
CEREALES;0.13549690885172;0.53951599498186;29.445;3.9817586951171813;24819.6;6233.326;2.0;enero
CEREALES DESAY.ENV.;0.13549690885172;0.53951599498186;29.445;3.9817586951171813;24819.6;6233.326;3.0;enero
CON FIBRA;0.05415825788769;0.18064221332956;14.802;3.3354509612208387;8310.166;2491.467;4.0;enero
PRODUCTOS NAVIDEÑOS;0.00410149625623;0.03844239493599;2.511;9.372773381809703;1768.483;188.683;2.0;enero
MANTECADOS/POLVORON;0.00076722410765;0.0038316273975;0.113;4.994143639771798;176.2681;35.294959999999996;3.0;enero
MAZAPANES;0.0;0.0;0.0;;0.0;0.0;3.0;enero
PRD.NAVIDEÑO TURRON;0.00046126491643;0.00550465172513;0.389;11.933818352499413;253.233;21.21978;3.0;enero
OTROS PRD.NAVIDEÑOS;0.00287300810164;0.0291060962496;2.107;10.130878584350409;1338.981;132.1683;3.0;enero
CHOCOLATES/CACAOS/SUC;0.22582999287767;1.74248476215831;61.364;7.715913816204896;80160.32;10388.96;1.0;enero
CHOCOLATES;0.0862496733677;0.75231979243363;41.195;8.722581350845044;34609.31;3967.783;2.0;enero
CHOCOLATE TABLETAS;0.08554655227092;0.74436147719394;41.015;8.701244614003476;34243.2;3935.437;3.0;enero
CHOC.TAB.CON LECHE;0.04714763233008;0.35844350962516;24.782;7.602577094765494;16489.64;2168.954;4.0;enero
CHOC.TAB.SIN LECHE;0.03839891994083;0.38591796756878;24.009;10.050229750300456;17753.56;1766.483;4.0;enero
CHOC.TAB.C.ALMENDR;0.0152870603794;0.14506708127459;10.917;9.489534133722834;6673.587;703.2576;4.0;enero
CHOC.TABLETA OTROS;0.07025948319652;0.59929433070685;36.65;8.529728706238114;27569.61;3232.179;4.0;enero
TURRON DE CHOCOLATE;0.00070312631378;0.00795830219718;0.545;11.318453087592253;366.10940000000005;32.34624;3.0;enero
O.PROD.CHOC./CACAO;0.13958038472246;0.99016496972468;40.968;7.093869039646918;45551.01;6421.18;2.0;enero
BOMBONES;0.01090052249112;0.15379338230384;7.274;14.108808309787168;7075.027;501.4617;3.0;enero
SNACKS CHOCOLATE;0.02330331474513;0.26838549189361;17.272;11.51705218029669;12346.66;1072.033;3.0;enero
CACAO SOLUBLE;0.06753181852496;0.35381168364042;15.42;5.239184896370647;16276.56;3106.697;3.0;enero
NORMAL;0.06639575168884;0.34161064362272;14.826;5.145067793247456;15715.27;3054.434;4.0;enero
LIGHT;0.00113607966124;0.01220107914519;0.757;10.739633461842176;561.2918000000001;52.26358999999999;4.0;enero
CREMA CACAO UNTAR;0.02927982233028;0.18527919110122;12.561;6.327879623422296;8523.483;1346.973;3.0;enero
ARROZ;0.31107293751987;0.63350828240074;44.676;2.036526505492847;29143.57;14310.43;1.0;enero
LARGO;0.05983783125587;0.06162519699454;7.168;1.0298701624232087;2834.972;2752.747;2.0;enero
NORMAL;0.14053118286669;0.18370972203832;21.671;1.307252371259041;8451.282;6464.92;4.0;enero
VAPORIZADO;0.01846295007735;0.0261153861198;3.243;1.4144752604756876;1201.398;849.3595;2.0;enero
P.P.CONSERVA ARROZ;0.01649110906545;0.0885652820351;7.607;5.37048670793306;4074.309;758.648;2.0;enero
P.P.CONGELADO ARROZ;0.03076703670233;0.09134322553857;7.169;2.9688665314860216;4202.104;1415.39;2.0;enero
P.P.ARROZ RESTO;0.00069692025822;0.00672253850215;0.558;9.646065561805496;309.26;32.06074;2.0;enero
OTROS TIPOS ARROZ;0.04428586903594;0.17542699638472;8.398;3.9612409150725245;8070.248;2037.303;2.0;enero
TOTAL PASTAS;0.3063578569194;0.79114100673998;55.626;2.5824080854179794;36395.22;14093.52;1.0;enero
PASTAS ALIMENTICIAS;0.30243641235564;0.76579551930953;54.689;2.5320876985176577;35229.24;13913.12;2.0;enero
PASTA ALIM.SECA;0.27421831461974;0.57818287305538;49.897;2.1084765029540256;26598.41;12614.99;3.0;enero
PASTA ALIM.FRESCA;0.02821816294838;0.18761262451664;11.874;6.648647711752186;8630.829;1298.133;3.0;enero
PASTAS ALIM.GRANEL;0.00209926122309;0.00621440493243;0.75;2.960281866814699;285.8841;96.57327000000001;3.0;enero
PASTAS ALIM.ENVASAD;0.30033722221416;0.75958120350083;54.368;2.529094455562351;34943.36;13816.55;3.0;enero
PASTAS PARA RELLENAR;0.00392139239376;0.02534553090545;3.227;6.4634008434702;1165.982;180.3976;2.0;enero
AZUCAR;0.18519817544773;0.19583242011473;29.997;1.0574208932744085;9008.968;8519.756;1.0;enero
EDULCORANTES;0.00881363359953;0.12016386496994;10.282;13.633862085702676;5527.953;405.45759999999996;1.0;enero
STEVIA;0.00134503635637;0.03514444701537;2.403;26.12899409661079;1616.766;61.87632;2.0;enero
LEGUMBRES;0.24020826065317;0.48666344336141;36.844;2.0260062748802987;22388.2;11050.41;1.0;enero
LEGUMBRES SECAS;0.09881972914435;0.24416905008755;17.104;2.4708532618104204;11232.62;4546.049;2.0;enero
LEGUMBRES COCIDAS;0.14138850977131;0.24249439327385;25.106;1.7150926455485245;11155.58;6504.36;2.0;enero
GARBANZOS;0.09932412603824;0.18834846054728;21.752;1.8963012115984825;8664.68;4569.253;2.0;enero
ALUBIAS;0.06619994031062;0.14211393354061;14.929;2.146738091813756;6537.732;3045.426;2.0;enero
LENTEJAS;0.07167607243893;0.14758208800731;16.738;2.0590147169830777;6789.286;3297.347;2.0;enero
LENTEJAS SECAS;0.04693566999116;0.10445069746794;11.323;2.225401224433275;4805.093;2159.203;3.0;enero
LENTEJAS COCIDAS;0.02474040244776;0.04313139053937;6.109;1.7433584853937638;1984.193;1138.144;3.0;enero
OTRAS LEGUMBRES;0.00300810447536;0.00861895474493;0.53;2.865244480543881;396.5017;138.38320000000002;2.0;enero
TOTAL ACEITE;0.65222644156845;2.62931553750334;46.122;4.031292462140061;120957.6;30004.67;1.0;enero
ACEITE 1L;0.33363254726024;1.3719025991335;33.313;4.112016679425993;63112.26;15348.25;2.0;enero
ACEITE 5L;0.2345052107876;0.85237075517851;9.594;3.6347625381788187;39212.0;10788.05;2.0;enero
TOTAL ACEITES OLIVA;0.50316981215017;2.17412799064041;37.529;4.320863331108476;100017.4;23147.55;2.0;enero
A.O VIRGEN+V.EXTRA;0.25236734730054;1.15728198163385;22.402;4.585704109556003;53238.97;11609.77;3.0;enero
A.O VIRGEN;0.03869070237087;0.16370942005074;4.768;4.231234121352476;7531.199;1779.906;4.0;enero
A.O VIRGEN EXTRA;0.21367668840466;0.99357253984561;18.66;4.649887394192352;45707.77;9829.866;4.0;enero
A. OLIVA;0.25080224747465;1.01684600900656;20.275;4.054373592123954;46778.43;11537.77;3.0;enero
ACEITE DE GIRASOL;0.11366104909334;0.34361027602527;13.92;3.023113711919807;15807.26;5228.801;2.0;enero
ACEITE DE MAIZ;0.00098193624001;0.0033246002664;0.135;3.3857598191464446;152.94310000000002;45.17246;2.0;enero
ACEITE DE SOJA;0.0;0.0;0.0;;0.0;0.0;2.0;enero
OTROS ACEITES VEG;0.02618405487467;0.08217295785871;3.598;3.1382823726897104;3780.24;1204.557;2.0;enero
ACEITE DE ORUJO;0.00822960573075;0.02608006268623;0.803;3.1690537237747503;1199.773;378.5903;2.0;enero
MARGARINA;0.03810020324906;0.17557994141771;17.097;4.608372828615295;8077.284;1752.741;1.0;enero
M.LIGHT;0.0079657820701;0.02515345837681;3.982;3.157688492537252;1157.146;366.4535;2.0;enero
M.BAJA EN COLESTEROL;0.0018328901451;0.01880696771408;1.269;10.260826468157699;865.1855;84.31927999999999;2.0;enero
M.ENRIQUECIDA;0.03177754775242;0.14164053431828;13.881;4.457251875499786;6515.954;1461.877;2.0;enero
ACEITUNAS;0.21470189400311;0.67916724394644;44.311;3.1633034589652413;31244.04;9877.029;1.0;enero
ACEITUNA ENV.C/HUESO;0.05809417962484;0.15831299932606;13.809;2.725109474794137;7282.945;2672.533;2.0;enero
ACEITUNA ENV.S/HUESO;0.044676339705;0.12388343339366;14.918;2.7729092000743454;5699.066;2055.266;2.0;enero
ACEITUNA ENV.RELLENA;0.09096764505535;0.27517389501344;23.155;3.024964478809872;12658.95;4184.826;2.0;enero
RESTO ACEITUNAS;0.0209637383129;0.12179693795077;6.086;5.809886392057108;5603.08;964.4044;2.0;enero
TOTAL VINOS;0.55279412800474;1.74544301820422;36.117;3.1574919663206775;80296.41;25430.44;1.0;enero
MENOS 75 CL;0.00693414869361;0.02059486819518;1.649;2.9700644023037364;947.4350999999999;318.9948;2.0;enero
75 CL;0.33756051307328;1.45142053903758;26.167;4.299734367101446;66770.36;15528.95;2.0;enero
1 LITRO;0.10971386733244;0.12978096865009;11.036;1.1829039646997543;5970.373;5047.217;2.0;enero
BOTELLA;0.0241116888052;0.04959025319586;1.425;2.0566893342264523;2281.323;1109.221;3.0;enero
CARTON;0.08508763022197;0.07922809211131;9.686;0.9311352532045756;3644.766;3914.325;3.0;enero
OTROS 1 LITRO;0.00051452504613;0.00096262225603;0.138;1.8708948442179592;44.28395;23.66993;3.0;enero
MAYOR 1 LITRO;0.09858579019538;0.14364662275761;3.272;1.457072286715262;6608.241;4535.287;2.0;enero
BOTELLA;0.02169691802133;0.02892480551977;1.311;1.333129686498756;1330.641;998.1332;3.0;enero
CARTON;0.00165793698268;0.00211224024815;0.059;1.2740172094626476;97.17035;76.27083;3.0;enero
BAG IN BOX;0.01489086187972;0.02181377446083;0.364;1.4649101332771608;1003.509;685.0310999999999;3.0;enero
OTS.MAYOR LITRO;0.0603400761375;0.09079578839947;1.649;1.5047344022664033;4176.92;2775.852;3.0;enero
T.VINOS CON DOP+IGP;0.32775777116378;1.38188684914781;24.457;4.216183324169866;63571.57;15077.99;2.0;enero
VINOS CON DOP;0.27981463337218;1.26098114859789;22.836;4.506487503534683;58009.49;12872.44;3.0;enero
VINOS TRANQUILOS;0.23402676846583;1.0554363710886;18.741;4.509895932023288;48553.72;10766.04;4.0;enero
TRANQUILO NACIONA;0.23035813099894;1.04136786265364;18.292;4.520647298785441;47906.52;10597.27;5.0;enero
TRANQUILO EXTRANJ;0.00366860920813;0.01406864972869;0.777;3.834872817056717;647.2065;168.76870000000002;5.0;enero
TRANQUILO TINTO;0.15360402696241;0.72911610063991;12.697;4.7467251676828495;33541.86;7066.316;5.0;enero
TRANQUILO BLANCO;0.06864449581368;0.29073424790744;8.117;4.235361400228761;13374.78;3157.884;5.0;enero
TRANQUILO ROSADO;0.01177824786348;0.03558604427875;1.655;3.0213359993104976;1637.081;541.8401;5.0;enero
ESPUM(IN.CAVA)+GAS;0.02491973680281;0.11878688144812;3.323;4.766779135271119;5464.607;1146.394;4.0;enero
ESPUMOSOS(IN.CAVA;0.02473725051061;0.11848149134459;3.309;4.789598233390363;5450.558;1137.999;5.0;enero
GASIFICADOS;0.00018247937967;0.00030539510315;0.01;1.6735869208625171;14.04923;8.394682000000001;5.0;enero
VINOS DE AGUJA;0.00203006229066;0.00717595661671;0.445;3.534845531443021;330.11879999999996;93.38988;4.0;enero
VINOS LICOROSOS;0.01883812189561;0.07958180467196;3.669;4.224508425677867;3661.038;866.6187;4.0;enero
VINOS CON I.G.P.;0.0467573572985;0.11802219975819;3.121;2.5241417945141795;5429.429;2151.0;3.0;enero
OTROS VINOS DOP/IGP;0.00118565115497;0.00288355948297;0.31;2.432047125213474;132.65370000000001;54.544050000000006;3.0;enero
V.DESALCOHOL.DOP/I;0.0;0.0;0.0;;0.0;0.0;4.0;enero
T.VINOS SIN DOP/IGP;0.22503657421593;0.3635561690564;18.503;1.6155425860133728;16724.84;10352.46;2.0;enero
NACIONAL;0.20065027560377;0.3096136993072;17.366;1.5430514529598598;14243.3;9230.606;3.0;enero
EXTRANJERO;0.00541786911354;0.01497468819164;0.833;2.763944251480597;688.8874000000001;249.2407;3.0;enero
OTROS VINOS;0.01896833820112;0.03896765982756;1.03;2.0543528597169107;1792.647;872.6091;3.0;enero
TINTO;0.11245568311493;0.17609564181034;6.31;1.5659114500275448;8101.008;5173.35;3.0;enero
BLANCO;0.09335085734023;0.14935734595983;13.212;1.5999568746911719;6870.954;4294.462;3.0;enero
ROSADO;0.01721736538091;0.03363740804552;1.586;1.9536907826103203;1547.437;792.0583;3.0;enero
OT.VINOS SIN DOP/IG;0.0020126053411;0.00446571889696;0.228;2.218874612795777;205.4385;92.5868;3.0;enero
V.DESALCOH.SIN D/I;0.0020126053411;0.00446571889696;0.228;2.218874612795777;205.4385;92.5868;4.0;enero
BEBIDAS DERIVADAS VI;0.1346440381341;0.25225692081282;10.992;1.8735097692300613;11604.69;6194.091;1.0;enero
VERMOUT;0.03458279355285;0.14926665711991;4.436;4.316211670169863;6866.782;1590.928;2.0;enero
SANGRIA;0.00540623520483;0.01074997945162;0.57;1.9884409472247297;494.5362;248.7055;2.0;enero
TINTO DE VERANO;0.04731498932397;0.05016679684422;3.522;1.060272813351508;2307.846;2176.653;2.0;enero
BEB.DERI.SIN ALCOHOL;0.04544249954477;0.03831538273762;3.28;0.8431618665666593;1762.64;2090.512;2.0;enero
CERVEZAS;1.6844549907388;2.45089198360197;47.04;1.4550059200614267;112749.5;77490.75;1.0;enero
CERVEZA CON ALCOHOL;1.40237096261907;2.04264004151771;40.217;1.456561848444777;93968.5;64513.91;2.0;enero
CERVEZA SIN ALCOHOL;0.28208402811972;0.40825194208425;14.9;1.447270676065976;18781.0;12976.84;2.0;enero
CERVEZA ARTESANALES;0.00118546812524;0.00287479275019;0.21;2.4250274545283514;132.25039999999998;54.53563;2.0;enero
SIDRAS;0.01959612365254;0.05968032134839;3.001;3.045516674960349;2745.501;901.4894;1.0;enero
SIDRAS SIN ALCOHOL;0.00072788075865;0.00176381968128;0.065;2.4232261401587514;81.1418;33.48503;2.0;enero
T.BEBIDAS ESPIRITUOSA;0.05213662713759;0.58797757209078;8.583;11.277629650630715;27049.0;2398.465;1.0;enero
BRANDY;0.00623274485914;0.05761745456538;1.406;9.244314642668064;2650.602;286.7278;2.0;enero
WHISKY;0.01218176972609;0.14668452499466;1.963;12.041314874014883;6747.995;560.4035;2.0;enero
GINEBRA;0.00835583755295;0.12458668491542;1.743;14.910137269398803;5731.418;384.3974;2.0;enero
RON;0.00567273909893;0.07563920952306;1.291;13.333807214437458;3479.665;260.9656;2.0;enero
ANIS;0.00304849491962;0.02604410886523;0.708;8.543267924641315;1198.119;140.2413;2.0;enero
OTR.BEB.ESPIRITUOSAS;0.01664503880708;0.15740571965199;3.491;9.456614759288954;7241.207;765.7293000000001;2.0;enero
COMBINADS&DERIVADOS;0.00387713050119;0.0203003055392;1.063;5.235909787655849;933.8842;178.3614;1.0;enero
COMB&DERIV.SIN ALC;0.0016553326131;0.00535291747076;0.472;3.2337413208647763;246.2527;76.15102;2.0;enero
VINAGRE;0.07828631502858;0.11995685878047;19.598;1.5322838830345966;5518.43;3601.441;1.0;enero
VINAGRE DE VINO;0.04511845866832;0.0389079903967;10.274;0.8623519407594412;1789.902;2075.605;2.0;enero
VINAGRE BALSAMICO;0.00865489334969;0.05353954349402;5.816;6.18604312390903;2463.004;398.155;2.0;enero
OTROS VINAGRES;0.02451298474806;0.02750930315224;5.41;1.122233927649816;1265.523;1127.682;2.0;enero
TOTAL ZUMO Y NECTAR;0.60778891001188;0.71261777472525;35.473;1.1724757773407308;32782.88;27960.39;1.0;enero
ZUMO FRUTA REFRI/EXP;0.14334203694149;0.23160738498497;11.757;1.6157673626439117;10654.74;6594.229;2.0;enero
ZUMO CONCENTRADO;0.1252233544821;0.112302216382;9.794;0.8968152693757901;5166.29;5760.707;2.0;enero
Z.C.NARANJA Y MEZCL;0.0124167412062;0.0121762918767;1.385;0.9806350695799992;560.1515;571.213;3.0;enero
Z.C.MELOCOTON Y MEZ;0.03583691673834;0.03061189618209;3.312;0.854200053135285;1408.253;1648.622;3.0;enero
Z.C.PIÑA Y MEZCLAS;0.02768309444541;0.02449489915007;2.835;0.8848324091218184;1126.85;1273.518;3.0;enero
Z.C. OTROS;0.04928660209214;0.04501914004187;4.591;0.9134153731618443;2071.036;2267.354;3.0;enero
NECTARES;0.26458338619157;0.26130689318106;16.721;0.987616406843716;12021.02;12171.75;2.0;enero
NEC.LIGHT O S.AZUC.;0.19173214115837;0.18551289093772;12.505;0.9675628187164192;8534.234;8820.341;3.0;enero
ZUMOS DE HORTALIZAS;0.00639665211215;0.00713969194949;0.921;1.1161607391355026;328.4505;294.2681;2.0;enero
ZUMO Y NECTAR RESTO;0.06824346072079;0.10026157735896;7.627;1.4691748674522644;4612.379;3139.435;2.0;enero
HORCHATAS;0.05919253190266;0.08450773899898;6.639;1.4276756929058878;3887.648;2723.061;3.0;enero
ZUMOS ENRIQUECIDOS;0.22477202887036;0.22085993143056;16.598;0.9825952657033796;10160.32;10340.29;2.0;enero
Z.E.CON CALCIO;0.0;0.0;0.0;;0.0;0.0;3.0;enero
Z.E.CON VITAMINAS;0.22215200828683;0.2126380490327;16.288;0.9571736518274401;9782.085;10219.76;3.0;enero
Z.E.CON CAL.Y VIT.;4.304844024e-05;3.70210017e-05;0.006;0.8599847402792499;1.703094;1.980377;3.0;enero
Z.E.CON OTROS;0.00257687817208;0.00818486126572;0.579;3.176270168450373;376.5319;118.5453;3.0;enero
TOTAL PATATAS;2.07733074000857;2.28680848295534;77.481;1.100839860938999;105201.092;95564.392;1.0;enero
PATATAS FRESCAS;1.44568270917588;1.44189668922205;61.758;0.997381154294925;66332.23;66506.4;2.0;enero
PATATAS CONGELADAS;0.0782762288297;0.10633031714634;11.169;1.3583985679441997;4891.562;3600.977;2.0;enero
PATATAS PROCESADAS;0.11067436040059;0.73858147658694;47.21;6.6734650547206735;33977.3;5091.403;2.0;enero
PATATAS FRITAS;0.09452307363483;0.71104115402564;45.836;7.522408303950797;32710.35;4348.388;3.0;enero
T.HORTALIZAS FRESCAS;4.34680826394188;9.13370086142685;96.95;2.1012430976525267;420181.8;199968.2;1.0;enero
TOMATES;1.01248568436662;2.04377060876694;80.866;2.018567413173303;94020.51;46577.84;2.0;enero
CEBOLLAS;0.49318186676127;0.72968540570157;64.929;1.479546299002075;33568.05;22688.07;2.0;enero
AJOS;0.05260817867263;0.24349040541305;31.678;4.628375502756431;11201.4;2420.158;2.0;enero
COLES;0.08086455614177;0.09989112692517;13.426;1.235289373876527;4595.337;3720.049;2.0;enero
PEPINOS;0.18614280014265;0.28805205808081;40.428;1.5474789132862763;13251.39;8563.212;2.0;enero
JUDIAS VERDES;0.10891349267148;0.37050869028298;25.153;3.4018621678082597;17044.68;5010.397;2.0;enero
PIMIENTOS;0.34993697469646;0.72071542732443;63.776;2.059557804514884;33155.4;16098.31;2.0;enero
CHAMPIÑONES+O.SETAS;0.08996300312961;0.40732983743683;36.786;4.527748332833568;18738.58;4138.609;2.0;enero
LECHUGA/ESC./ENDIVIA;0.36188564236724;1.04993613207547;67.582;2.9012925884746443;48300.69;16647.99;2.0;enero
ESPARRAGOS;0.1004202393538;0.30734256555985;19.683;3.0605639613843216;14138.82;4619.678;2.0;enero
VERDURAS DE HOJA;0.115583317742;0.32255055361805;24.206;2.7906324192737877;14838.44;5317.232;2.0;enero
ACELGA;0.06474911450952;0.14316196351153;10.466;2.2110258124144124;6585.945;2978.683;3.0;enero
BERENJENAS;0.10686790719904;0.17522968511917;26.45;1.6396848194361078;8061.171;4916.293;2.0;enero
ZANAHORIAS;0.25564492718593;0.26115407857306;53.055;1.0215500125419306;12013.99;11760.55;2.0;enero
CALABACINES;0.31052558733076;0.46405601112636;49.934;1.4944211686879825;21348.18;14285.25;2.0;enero
OTR.HORTALIZAS/VERD.;0.72178469483048;1.64998779719808;71.656;2.2859833535062473;75905.14;33204.59;2.0;enero
BROCOLI;0.0848904711189;0.16953380862781;18.952;1.997088794457724;7799.141;3905.255;3.0;enero
ALCACHOFAS;0.12842687471322;0.21797862612609;20.395;1.6972975992200512;10027.77;5908.08;3.0;enero
APIO;0.02727510335329;0.04151159916956;7.288;1.521959371954072;1909.677;1254.749;3.0;enero
COLIFLOR;0.11105124513366;0.14961902195572;17.268;1.3472971129286062;6882.992;5108.741;3.0;enero
PUERRO;0.06634434250706;0.17846981129623;23.644;2.690053206529734;8210.228;3052.069;3.0;enero
CALABAZA;0.07918852986571;0.13863843373974;13.582;1.7507388251157168;6377.847;3642.946;3.0;enero
CANONIGOS;0.00577796162973;0.05687446689803;7.561;9.843344511903785;2616.422;265.8062;3.0;enero
RABANOS/RABANITOS;0.01344926582009;0.02976730745105;4.413;2.213303525206449;1369.399;618.7126999999999;3.0;enero
VERD./HORT. IV GAMA;0.27482153017764;1.06820454241821;56.27;3.886902680906196;49141.1;12642.74;2.0;enero
T.FRUTAS FRESCAS;6.87787248612514;13.90409252449745;96.027;2.021568813982293;639636.3;316405.9;1.0;enero
NARANJAS;1.48169522141969;1.55269662714618;50.131;1.047919035372511;71429.41;68163.1;2.0;enero
NARANJA NAVEL;0.44134880377741;0.45588945065984;21.634;1.0329459301984825;20972.49;20303.57;3.0;enero
NARANJA SALUSTIANA;0.06409225080759;0.06874435787757;4.024;1.0725845482310286;3162.478;2948.465;3.0;enero
NARANJA VALENCIA LA;0.10814250710725;0.12735704203224;7.446;1.177677912589305;5858.864;4974.929;3.0;enero
MANDARINAS;0.34246362302783;0.65974326823225;36.798;1.9264623272954855;30350.47;15754.51;2.0;enero
LIMONES;0.18246907610133;0.34481866351585;32.084;1.8897375428390624;15862.85;8394.208;2.0;enero
PLATANOS;1.08906036709812;2.01745388994453;78.4;1.8524720492034619;92809.85;50100.54;2.0;enero
MANZANAS;0.7654640224714;1.23278696210934;63.828;1.6105093458594155;56712.46;35213.99;2.0;enero
MANZANA GOLDEN;0.39974801565526;0.57460227245371;41.411;1.437411193928805;26433.69;18389.79;3.0;enero
MANZANA PINK LADY;0.01812081490791;0.0499035557485;3.657;2.753935515710334;2295.736;833.6201;3.0;enero
MANZANA ROYAL GALA;0.0576532344864;0.1021120905281;9.575;1.7711424421848936;4697.509;2652.248;3.0;enero
MANZANA STARKING;0.00340420733005;0.00601581984952;0.719;1.7671719922633524;276.7485;156.6053;3.0;enero
MANZANA FUJI;0.10033870200038;0.17005950826933;13.153;1.6948545763397038;7823.325;4615.927;3.0;enero
MANZANA REINETA;0.02347101953898;0.04403425750143;3.592;1.8761118335018911;2025.728;1079.748;3.0;enero
PERAS;0.33708359237633;0.61741775194072;44.343;1.8316458169563312;28403.35;15507.01;2.0;enero
PERA BLANQUILLA;0.01549576644118;0.03287807377999;3.957;2.121745568687656;1512.505;712.8588000000001;3.0;enero
PERA CONFERENCIA;0.26457099581795;0.46228157919875;35.718;1.7472874446027418;21266.55;12171.18;3.0;enero
MELOCOTONES;0.08319522889499;0.22693338825492;16.649;2.7277211838836473;10439.72;3827.268;2.0;enero
NECTARINAS;0.09765659912374;0.21413626257853;17.096;2.1927474896723256;9851.008;4492.541;2.0;enero
ALBARICOQUES;0.13826276630654;0.37729839765266;24.398;2.728850345841918;17357.03;6360.565;2.0;enero
FRESAS/FRESON;0.46306630286146;1.47298218026396;59.893;3.1809314803557305;67762.27;21302.65;2.0;enero
MELON;0.17572666952639;0.36003469444815;17.469;2.048833540284467;16562.84;8084.034;2.0;enero
MELON AMARILLO;0.02219207213125;0.03522854939352;2.539;1.5874384863729685;1620.635;1020.912;3.0;enero
MELON GALIA;0.0127570265146;0.02170124378335;1.876;1.7011208496367065;998.3322;586.8673;3.0;enero
MELON PIEL DE SAPO;0.11902931975865;0.25382332488857;12.018;2.1324437155755547;11676.75;5475.76;3.0;enero
MELON CANTALOUP;0.00441295329533;0.00992262203491;0.929;2.2485218788529298;456.47490000000005;203.0111;3.0;enero
SANDIA;0.66775005809154;1.09837031993744;34.048;1.6448824026711972;50528.83;30718.81;2.0;enero
CIRUELAS;0.02300903250287;0.06725823038039;7.075;2.923122924529639;3094.111;1058.495;2.0;enero
CEREZAS;0.09805498224193;0.54924243827485;24.131;5.601372064090547;25267.05;4510.868;2.0;enero
UVAS;0.0842756259998;0.34137240064922;18.045;4.050665855036279;15704.31;3876.97;2.0;enero
KIWI;0.22768267979657;0.78702544632282;37.674;3.4566768408822064;36205.89;10474.19;2.0;enero
AGUACATE;0.16578822041948;0.63934153987682;39.105;3.856374947864978;29411.92;7626.831;2.0;enero
PIÑA;0.13970574487101;0.28151602730791;17.415;2.015064073190583;12950.71;6426.947;2.0;enero
OTRAS FRUTAS FRESCAS;0.31546239040657;1.06366357917337;45.064;3.371760347731175;48932.2;14512.36;2.0;enero
POMELO;0.02013608091872;0.0379668437014;2.59;1.885513067545202;1746.606;926.3293000000001;3.0;enero
CHIRIMOYA;0.00037713341004;0.00127957931677;0.14;3.39290893538927;58.86507;17.349439999999998;3.0;enero
MANGO;0.0738967099794;0.1783504724345;13.843;2.41351032385901;8204.738;3399.504;3.0;enero
FRAMBUESAS;0.00268937189582;0.03394197212414;2.778;12.620780404848352;1561.448;123.7204;3.0;enero
ARANDANO;0.01684116972651;0.16303281870101;8.563;9.680611344017183;7500.073;774.752;3.0;enero
CAQUI;0.00136483595604;0.00319732069681;0.399;2.3426410204505155;147.0878;62.787169999999996;3.0;enero
PARAGUAYO;0.02324121071454;0.0646045166756;7.508;2.7797397247974143;2972.031;1069.176;3.0;enero
FRUTAS IV GAMA;0.23877641168745;0.53140964738364;22.941;2.225553368643566;24446.68;10984.54;2.0;enero
FRUTOS SECOS&SEMILLAS;0.26025371142322;2.11725791471689;62.754;8.135361079534302;97401.18;11972.57;1.0;enero
FRUTOS SEC.ALMENDRA;0.01658794744343;0.22034910023739;11.573;13.283686905134289;10136.82;763.1029;2.0;enero
ALMENDRA CON CASC.;0.00467653566976;0.05368927137736;3.567;11.48056492427144;2469.892;215.1368;3.0;enero
ALMENDRA SIN CASC.;0.01191141177367;0.16665987233502;8.628;13.991613714790022;7666.93;547.9661;3.0;enero
FRUTOS SEC.CACAHUET.;0.02965183786389;0.13100144218932;13.52;4.4179872691404585;6026.519;1364.087;2.0;enero
CACAHUETE CON CASC.;0.01190189727098;0.04968655031014;4.444;4.174674774860994;2285.753;547.5284;3.0;enero
CACAHUETE SIN CASC.;0.01774993624541;0.08131489187917;9.743;4.581137123811352;3740.766;816.5584;3.0;enero
FRUTOS SEC.NUECES;0.04858871973227;0.44295716122349;19.103;9.116460850670329;20377.56;2235.249;2.0;enero
NUECES CON CASCARA;0.0290315583704;0.17616757118984;7.23;6.0681403644335825;8104.317;1335.552;3.0;enero
NUECES SIN CASCARA;0.01955716353562;0.26678952482115;12.487;13.641524464178;12273.24;899.6971;3.0;enero
AVELLANA;0.00581406978696;0.07725526204328;4.805;13.287639274034621;3554.009;267.46729999999997;2.0;enero
PISTACHO;0.01448940942688;0.18527560441412;8.778;12.786967291458915;8523.318;666.5629;2.0;enero
SURTIDO;0.02707611830043;0.22410425294465;15.693;8.276823526105996;10309.57;1245.595;2.0;enero
OTROS FRUTOS SECOS;0.11804554583059;0.83631500471463;43.775;7.084680737677522;38473.38;5430.503;2.0;enero
CASTAÑAS;0.00031649448679;0.00445869985899;0.302;14.087764700710997;205.1156;14.55984;3.0;enero
T.FRUTA&HORTA.TRANSF;0.99009258385773;2.41715538735497;82.98;2.4413427862846144;111197.5;45547.68;1.0;enero
FRUTA&HORTA.CONSERVA;0.74635132772258;1.88462604147089;78.321;2.5251191650206177;86699.31;34334.74;2.0;enero
GUISANTES;0.016848019212;0.04324840348885;5.992;2.566972588566848;1989.576;775.0671;3.0;enero
JUDIAS VERDES;0.02299866371652;0.03831514362515;4.612;1.6659726016003507;1762.629;1058.018;2.0;enero
PIMIENTOS;0.02859526505643;0.12199309712895;14.166;4.266199207742264;5612.104;1315.481;2.0;enero
ESPARRAGOS;0.03753826719907;0.20811588872327;15.485;5.544099508364748;9574.05;1726.89;2.0;enero
ALCACHOFAS;0.01616529658295;0.07628866073831;6.033;4.719286178687962;3509.542;743.6595;3.0;enero
CHAMPIÑOSNES+SETAS;0.02322106005428;0.07535362227983;8.292;3.245055225888346;3466.527;1068.249;3.0;enero
MAIZ DULCE;0.04184483500749;0.14584867473765;17.272;3.4854642087015786;6709.543;1925.007;3.0;enero
MENESTRA;0.00894923863069;0.01952643106154;2.189;2.181909754262794;898.2833;411.69590000000005;3.0;enero
TOMATES;0.38232562871841;0.61150993484793;52.595;1.5994479284524372;28131.57;17588.3;2.0;enero
TOMATE FRITO;0.26689386480954;0.45748476560737;42.07;1.7141074634062115;21045.88;12278.04;4.0;enero
TOMATE NATURAL;0.11543176390886;0.15402519097805;21.332;1.3343397498427572;7085.691;5310.26;4.0;enero
TOMATE N.ENTERO;0.01833117519325;0.02894723861728;4.049;1.579126177787338;1331.673;843.2974;5.0;enero
TOMATE N.TRITUR.;0.0971005756731;0.12507795236077;18.623;1.2881278148325415;5754.018;4466.962;5.0;enero
OTRA VERD/HORT.CON;0.04230427875638;0.11301075011568;12.831;2.6713787219130354;5198.885;1946.143;3.0;enero
FRUTA EN CONSERVA;0.12556087260705;0.43141520213247;31.128;3.435904778095901;19846.59;5776.234;3.0;enero
MERMELADAS,CONFIT.;0.04907129217859;0.20947378672221;19.535;4.2687644327734535;9636.518;2257.449;4.0;enero
FRUTA CONS/ALMIBAR;0.06594904611353;0.17180963767463;11.756;2.6051876077002287;7903.837;3033.884;4.0;enero
FRUTA ESCARCHADA;0.00090320976239;0.00542805747865;0.332;6.009741817058986;249.7094;41.55077;4.0;enero
RESTO FRUTA CONSER;0.00963731303165;0.04470383763944;4.606;4.638620484010703;2056.531;443.3497;4.0;enero
FRUTA&HORTA.CONGELAD;0.24374125613514;0.53252999800901;35.839;2.184816827700853;24498.22;11212.94;2.0;enero
VERD./HORT.CONGELAD;0.23875097881528;0.50543312039839;35.332;2.1169886838010554;23251.67;10983.37;3.0;enero
ESPINACAS;0.01380963222875;0.02683535377721;4.193;1.9432344998542401;1234.519;635.2908;4.0;enero
GUISANTES;0.04516165107601;0.08468550825421;11.11;1.8751641323224193;3895.826;2077.592;3.0;enero
JUDIA VERDE;0.04603341167904;0.07220711950486;8.826;1.5685806650246306;3321.777;2117.696;4.0;enero
COLIFLOR;0.00851657330507;0.01536860425407;2.015;1.8045525710339014;707.0089;391.79179999999997;3.0;enero
PIMIENTOS;0.00434539097909;0.01017514871807;1.712;2.341595673901842;468.092;199.903;2.0;enero
BROCOLI;0.0156295216113;0.02703492574251;3.422;1.7297346914933271;1243.7;719.012;3.0;enero
MENESTRA;0.02624352866805;0.05318670043327;5.057;2.0266596426882293;2446.772;1207.293;3.0;enero
OTR.VERD/HOR.CONG.;0.07901123883544;0.21593988796539;19.128;2.733027492647443;9933.981;3634.79;4.0;enero
FRUTAS CONGELADAS;0.00499019906486;0.02709666023564;1.814;5.429975815276103;1246.54;229.5664;3.0;enero
PLATOS PREPARADOS;1.29852463279639;6.40854469708523;83.233;4.935250772474237;294815.2;59736.62;1.0;enero
PLAT.PREP.CONSERVA;0.16946709624773;1.11351157387806;39.345;6.570665329925121;51225.38;7796.072;2.0;enero
P.P.CONSERVA CARNE;0.06177333804056;0.50396909993625;23.107;8.158359511110438;23184.32;2841.787;3.0;enero
P.P.CONSERV PESCADO;0.00515852772489;0.05366707739233;2.639;10.403564787170879;2468.871;237.3101;3.0;enero
P.P.CONSERV VEGETAL;0.06891704055836;0.33423054581872;19.152;4.849751862685787;15375.76;3170.422;3.0;enero
P.P.CONSV LEGUMBRE;0.03096371758045;0.11206079973386;6.813;3.6191003048219716;5155.184;1424.438;4.0;enero
P.P.CONSERVA PASTA;0.03361819209766;0.22164487246824;9.81;6.593003925504008;10196.43;1546.553;3.0;enero
PLAT.PREP.CONGELADO;0.19623819398209;1.12082602443937;37.88;5.711559007425533;51561.87;9027.635;2.0;enero
P.P.CONGELADO CARNE;0.05163501264339;0.2638990897677;15.791;5.110855527242064;12140.27;2375.389;3.0;enero
P.P.CONGEL.PESCADO;0.06217693815816;0.41651719078979;19.554;6.698901604486718;19161.23;2860.354;3.0;enero
P.P.CONGEL.VEGETAL;0.03209152416749;0.15550944905044;10.489;4.845810633324325;7153.972;1476.321;3.0;enero
P.P.CONGELADO PASTA;0.02888367817435;0.1336057465621;7.301;4.625648636424185;6146.326;1328.749;3.0;enero
OTROS P.P.CONGELADO;0.02145106040243;0.15129446131933;8.473;7.053006167570696;6960.068;986.8229;3.0;enero
P.P.SOPAS Y CREMAS;0.45162542313419;0.77380643929336;40.19;1.7133810446792093;35597.77;20776.33;2.0;enero
P.P.GAZPACHO/SALMOR;0.19382485352556;0.41840857045438;22.313;2.158694114009434;19248.24;8916.613;3.0;enero
P.P.SOPAS Y CR.HORT;0.05390977655283;0.1057329272378;7.456;1.9612941102467867;4864.08;2480.036;3.0;enero
P.P.PIZZA;0.18565198918475;1.27226138821803;35.709;6.852937012982527;58528.42;8540.633;2.0;enero
P.P.PASTA RESTO;0.02111859841942;0.20998757421505;9.784;9.94325333739566;9660.154;971.5285;2.0;enero
TORTILLAS REFRIGERAD;0.04867540887263;0.20240588285847;12.28;4.158278020593622;9311.37;2239.237;2.0;enero
PLAT.PREP.OTROS;0.22574782513681;1.71574546638291;45.35;7.600274622105731;78930.22;10385.18;2.0;enero
CAFES E INFUSIONES;0.14988321950132;2.63219358218318;66.927;17.56162958695871;121090.0;6895.146;1.0;enero
CAFE G. O M.TORREFAC;0.00233287693548;0.01894677677727;0.71;8.121635774745528;871.6171999999999;107.32039999999999;2.0;enero
CAFE G. O M.NATURAL;0.05531669260882;1.04768695320068;27.923;18.939797442508308;48197.22;2544.759;2.0;enero
CAFE G. O M.MEZCLA;0.03354534974326;0.24542569482276;12.915;7.316235982068453;11290.43;1543.202;2.0;enero
CAFE G. O M.DESCA;0.01776395258385;0.32502319396798;11.818;18.29678346829773;14952.19;817.2031999999999;2.0;enero
CAFE SOLUBLE;0.02554616800813;0.56836056739806;21.099;22.248368804947532;26146.55;1175.212;2.0;enero
DESCAFEINADO CS;0.00767349750386;0.18372830759875;9.158;23.94322895214095;8452.137;353.0074;3.0;enero
NO DESCAFEINADO CS;0.01787267702551;0.38463219458681;14.017;21.520681766795597;17694.41;822.2049000000001;3.0;enero
SUCEDANEOS DE CAFE;0.00317432025062;0.04180925072395;3.488;13.17108779926275;1923.37;146.02970000000002;2.0;enero
CAFE EN CAPSULAS;0.03164121016759;1.20957479269156;22.268;38.227829665328166;55644.62;1455.605;2.0;enero
DESCAFEINADO CPS;0.00654403451951;0.27192109587529;7.618;41.55251551080524;12509.31;301.0482;3.0;enero
NO DESCAFEINADO CPS;0.02482833062548;0.93432699018634;18.857;37.631486557828865;42982.27;1142.189;3.0;enero
INFUSIONES;0.01220385284988;0.38494130180243;25.464;31.542604334656055;17708.63;561.4194;2.0;enero
INFUSIONES ENVASADO;0.01102508052602;0.36713785653296;24.821;33.300242630105615;16889.61;507.1918;3.0;enero
INFUSIONES GRANEL;0.00117877319336;0.01780340396822;1.355;15.103332912883541;819.0181;54.22764;3.0;enero
TE;0.00315173933813;0.11137230797295;10.086;35.33677630803037;5123.511;144.99089999999998;3.0;enero
MANZANILLA;0.00105021350254;0.03172609509564;5.784;30.209186054814968;1459.51;48.313449999999996;3.0;enero
POLEO;0.0004599413202;0.01219495786587;2.172;26.514160241865238;561.0101999999999;21.15889;3.0;enero
OTRAS INFUSIONES;0.00754196173224;0.22964796695294;16.347;30.449367831049617;10564.6;346.9563;3.0;enero
CALDOS;0.01075805275822;0.13312656516541;13.821;12.374596793421642;6124.282;494.9076;1.0;enero
AYUDAS CULINARIAS;0.00045947570301;0.01420320918622;1.62;30.911774209496215;653.3967;21.13747;2.0;enero
SALSAS;0.23198540006792;1.05788401331631;58.675;4.560131857464255;48666.32;10672.13;1.0;enero
KETCHUP;0.03606281281321;0.10021301578936;13.063;2.778846350904815;4610.145;1659.014;2.0;enero
MAYONESA;0.0927444246327;0.38291167165321;32.315;4.128675908764054;17615.26;4266.564;2.0;enero
MAYONESA LIGHT;0.02070946610868;0.08165921384086;8.462;3.943086384376309;3756.606;952.707;3.0;enero
MOSTAZA;0.00649639461981;0.02934651297286;4.947;4.517353807812844;1350.041;298.85659999999996;2.0;enero
OTRAS SALSAS;0.0966816940947;0.54541272595088;37.638;5.641323634820036;25090.87;4447.692;2.0;enero
AGUA DE BEBIDA ENVAS.;5.52370464176874;1.14975950322068;47.771;0.20815006916309703;52892.91;254109.5;1.0;enero
AGUA DE BEB.CON GAS;0.20274331403344;0.09926573911974;6.364;0.4896128860918636;4566.567;9326.893;2.0;enero
AGUA DE BEB.SIN GAS;5.32096334932258;1.05049369888845;45.407;0.1974254716530212;48326.34;244782.7;2.0;enero
GASEOSAS Y BEBID.REFR;2.95793867844586;3.0200600990352;64.707;1.0210015917645658;138933.2;136075.4;1.0;enero
GASEOSAS;0.26854569725079;0.09674588492506;9.637;0.36025855530543477;4450.645;12354.03;2.0;enero
BEBIDAS REFRESCANTES;2.68939363331999;2.92331519229753;62.241;1.086979293800426;134482.6;123721.4;2.0;enero
BEB.REFRESC.NARANJA;0.2789425249692;0.21129975825658;14.592;0.7575028521732625;9720.519;12832.32;3.0;enero
BEB.REFRESC.LIMON;0.21856184318621;0.16242564691855;12.328;0.7431564656972928;7472.141;10054.6;3.0;enero
BEB.REFRESC.COLA;1.314313229415;1.44074155860055;39.011;1.096193454007785;66279.09;60462.95;3.0;enero
COLA NORMAL;0.49721743318734;0.5565573235861;17.938;1.119343945803306;25603.56;22873.72;4.0;enero
COLA LIGHT;0.56090438835252;0.60983223478457;18.462;1.087230279256257;28054.39;25803.54;4.0;enero
COLA SIN CAFEINA;0.01815895769491;0.01847655557708;0.949;1.0174898740062543;849.9854;835.3748;4.0;enero
COLA LIGHT S/CAFE.;0.23803233714523;0.25587534466029;9.708;1.0749604349100619;11771.15;10950.31;4.0;enero
BEB.REFRESC.TONICA;0.06406942643513;0.1165397024231;7.284;1.8189596646552997;5361.229;2947.415;3.0;enero
BEB.REF.TE/CAFE;0.1947701955579;0.27204826023615;13.198;1.396765349323032;12515.16;8960.102;3.0;enero
BEB.REF.ISOTONICAS;0.25716633464168;0.34753715496343;15.923;1.3514099948100424;15987.91;11830.54;3.0;enero
BEBIDAS ENERGETICA;0.06844390218599;0.14928798160504;5.279;2.1811728559741046;6867.763;3148.656;4.0;enero
OTRAS BEB.REFRESC.;0.36157023127733;0.37272221966173;20.762;1.0308432150097273;17146.51;16633.48;3.0;enero
BEBIDAS ZUMO+LECHE;0.14441615190951;0.16446818914133;9.573;1.138848992766317;7566.105;6643.642;4.0;enero
BASES PIZZAS&MASAS HO;0.04457249967905;0.24251221802187;19.367;5.440848500040722;11156.4;2050.489;1.0;enero
ALGAS;7.5690836e-06;0.00149177881179;0.097;197.0884309198056;68.62697999999999;0.348204;2.0;enero
HARINAS Y SEMOLAS;0.13864769391371;0.19088387879023;21.49;1.3767548049448493;8781.318;6378.273;1.0;enero
ENCURTIDOS;0.0518479314322;0.19007187456806;17.841;3.66594904208648;8743.963;2385.184;1.0;enero
ESPECIAS Y CONDIMENTO;0.009417359988621001;0.23045312386337;27.203;24.471096373275138;10601.64;433.2311;1.0;enero
SAL;0.0713859855337;0.0409117094488;15.927;0.5731056193023025;1882.08;3284.002;1.0;enero
CARAMELOS,CHICLES&GOL;0.05652747122413;0.49469523134292;32.091;8.75141273136781;22757.69;2600.459;1.0;enero
COMPLEMENTS&DIETETICO;0.00132174658408;0.0284346249493;0.86;21.51291729565918;1308.091;60.80491000000001;1.0;enero
OTROS PROD.EN PESO;0.14639711180163;1.31906048151189;59.343;9.010153720103112;60681.34;6734.773;1.0;enero
SNACKS APERITIVOS;0.04912644020995;0.48733078453717;34.751;9.919928707522969;22418.9;2259.986;2.0;enero
PROTEINAS VEGETALES;0.01565045264772;0.19964982901507;5.948;12.756808605411106;9184.582;719.9749;2.0;enero
OTROS PROD.EN VOLUMEN;0.45889900720005;0.57554046284934;19.492;1.254176744379928;26476.85;21110.94;1.0;enero
BEBIDAS VEGETALES;0.45528645247692;0.55960731187181;18.118;1.229132360137982;25743.87;20944.75;2.0;enero
.T.ALIMENT.ECOLOGICOS;1.22586405952747;4.67040134794396;56.52;3.8098852084334864;214854.6;56393.982560000004;0.0;enero
T.HUEVOS KGS ECO.;0.05452987258185;0.22545806429405;7.987;4.134578967805372;10371.85;2508.56256;1.0;enero
T.HUEVOS UNDS.ECO.;0.86008278457059;0.22545806429405;7.987;0.262135306436359;10371.85;39566.78;1.0;enero
T.HUEVOS GALLINA ECO;0.8520292590915;0.223633636122;7.898;0.262471779854675;10287.92;39196.29;2.0;enero
TOTAL CARNE ECO.;0.14334414547876;1.20097674289805;17.8;8.378275505335951;55249.08;6594.326;1.0;enero
CARNE FRESCA ECO.;0.12550079016373;0.96965781450599;15.294;7.726308441890232;44607.61;5773.47;2.0;enero
CARNE CONGELADA ECO.;0.00313354722641;0.01797047837463;0.657;5.734867572179752;826.7040999999999;144.154;2.0;enero
CARNE TRANSFORM.ECO.;0.01470982547861;0.21334840871618;5.038;14.503802851118687;9814.764;676.7028;2.0;enero
TOTAL PESCA ECO.;0.05813991531975;0.60023969447669;7.566;10.324055189545346;27613.1;2674.637;1.0;enero
PESCADOS ECO. .;0.04011335637511;0.37719492716417;4.782;9.403225290770926;17352.27;1845.353;2.0;enero
MARISC/MOLS/CRS ECO.;0.01504810658973;0.18236847496252;3.518;12.11903131301327;8389.58;692.2649;2.0;enero
CONS.PSCD/MOLUS.ECO.;0.00297845452866;0.04067620539999;1.71;13.656815979074464;1871.246;137.0192;2.0;enero
T.LECHE LIQUIDA ECO.;0.03482849248802;0.03904534964392;1.265;1.1210749261498498;1796.221;1602.231;1.0;enero
LECHES FERMENTDS.ECO.;0.01353444855186;0.06714721698024;2.804;4.961208188343858;3089.004;622.6314;1.0;enero
QUESO ECO.;0.00910985265282;0.10527024460177;3.643;11.555647342887966;4842.795;419.0847;1.0;enero
PAN FRESCO/CONG.ECO.;0.15430234407222;0.34249818564899;14.934;2.2196564006096553;15756.1;7098.441;1.0;enero
BOLL/PAST.GALL. ECO.;0.01786228432792;0.11931692858915;6.199;6.679824730068436;5488.991;821.7268;1.0;enero
ARROZ ECO.;0.00146953417839;0.00402418467233;0.37;2.7384083551701726;185.1264;67.60364999999999;1.0;enero
TOTAL PASTAS ECO.;0.00567877994951;0.02066142841278;1.837;3.638356935196474;950.4970999999999;261.2435;1.0;enero
LEGUMBRES ECO.;0.00820154479512;0.02849357704274;1.281;3.4741719705888743;1310.803;377.29940000000005;1.0;enero
TOTAL ACEITE ECO.;0.01502042823406;0.05854068956267;0.99;3.897404830970449;2693.074;690.9916;1.0;enero
TOTAL VINOS ECO.;0.00917914310012;0.02707631393791;0.732;2.9497648792023536;1245.604;422.2723;1.0;enero
TOTAL ZUMO/NECTAR ECO;0.00479628754393;0.01331946252703;0.667;2.7770358647207427;612.7413;220.64579999999998;1.0;enero
PATATAS FRESCAS ECO.;0.06751692833911;0.07870880503158;3.336;1.1657640086387302;3620.877;3106.012;1.0;enero
T.HORTALIZAS FRE.ECO.;0.21560302196536;0.48587719807387;21.936;2.2535732275214637;22352.03;9918.484;1.0;enero
T.FRUTAS FRESCAS ECO.;0.30320374602027;0.70507051556484;20.739;2.325401730088426;32435.68;13948.42;1.0;enero
FRUTOS SECOS ECO.;0.00720821723687;0.06611642484491;3.24;9.172368516680642;3041.584;331.60290000000003;1.0;enero
T.FRUTA&HORTA.TR.ECO.;0.00694138945405;0.03212195666411;2.565;4.627597525928677;1477.721;319.3279;1.0;enero
PLATOS PREPARADOS ECO;0.00724579702269;0.03923096613577;1.86;5.414306530101998;1804.76;333.3317;1.0;enero
CAFES/INFUSIONES ECO.;0.00286944315204;0.06001116606159;3.506;20.913871745087093;2760.721;132.0043;1.0;enero
HARINAS Y SEMOLAS ECO;0.00508796346024;0.02392272473873;1.125;4.70182715061998;1100.528;234.0639;1.0;enero
BEBIDAS VEGETALES ECO;0.05176980686589;0.07572363796366;2.663;1.4626988692428167;3483.549;2381.59;1.0;enero
RESTO PRODUCTOS ECO;0.02842062600086;0.25155045214141;10.201;8.850982104819547;11572.19;1307.447;1.0;enero
.T.ALIMENT.SIN GLUTEN;1.70771433052633;6.30309174881628;92.662;3.6909520732742407;289964.0;78560.76;0.0;enero
TOTAL CARNE SIN GLUTN;0.25895380906783;2.08952695430181;70.033;8.06911071060719;96125.46;11912.77;1.0;enero
CARNE TRANSFORM. SG.;0.25895380906783;2.08952695430181;70.033;8.06911071060719;96125.46;11912.77;2.0;enero
CHORIZOS SG;0.03393134248782;0.29103509487397;21.972;8.577175954012885;13388.62;1560.959;3.0;enero
SALCHICHN/SALAMI SG;0.01114712570619;0.10758802701893;10.563;9.65163844515951;4949.421;512.8063;3.0;enero
O.PROD.CURADOS S.G.;0.00466742548452;0.0543496130789;5.025;11.644452227273298;2500.27;214.7177;3.0;enero
JAMON COCIDO SG;0.04795102850321;0.43846880272279;27.616;9.144095891361083;20171.08;2205.913;3.0;enero
FIAMBRES SG;0.13218081012062;0.93267798361978;46.798;7.0560770717675085;42906.41;6080.774;3.0;enero
COCIDOS Y OTROS SG;0.02754573519819;0.24746206359622;20.182;8.983679753535158;11384.11;1267.199;3.0;enero
DERIVADOS LACTEOS SG;0.3757096039544;1.29398736492614;54.698;3.4441157513853904;59527.89;17283.94;1.0;enero
QUESO SG;0.01958001834058;0.10636631444234;8.642;5.432390950415127;4893.218;900.7485;2.0;enero
HELADOS Y TARTAS SG;0.1494789672588;0.59487096732393;27.162;3.9796298986599234;27366.12;6876.549;2.0;enero
NATA SG;0.01216971628368;0.0421845920947;4.721;3.466357892931844;1940.637;559.849;2.0;enero
NATILLAS SG;0.02923808633492;0.07705125562847;6.989;2.6353043337325737;3544.624;1345.053;2.0;enero
FLANES PREPARADOS SG;0.05184273617028;0.14275495060681;13.615;2.7536152825327207;6567.221;2384.945;2.0;enero
CREMA CHOCOLATE SG;0.01292125548258;0.03338405751121;3.562;2.5836543171993513;1535.782;594.4224;2.0;enero
OT.DER.LACTEOS SG;0.1004787349598;0.29737527079366;21.901;2.9595841439746593;13680.29;4622.369;2.0;enero
PAN SG;0.0553960127375;0.22063625258045;8.469;3.982890494771638;10150.03;2548.408;1.0;enero
BOLL.PAST.GAL.CERE.SG;0.01648324443883;0.1296748244494;5.1;7.867069188388236;5965.49;758.2862;1.0;enero
CHOC/CACAO/SUC.SG;0.00963211559598;0.10927507420625;7.876;11.344867398793891;5027.031;443.1106;1.0;enero
TOTAL PASTAS SG;0.00867886328827;0.04235270990099;2.715;4.879983529434749;1948.371;399.2577;1.0;enero
CERVEZAS SG;0.01581056670741;0.03157045461296;0.818;1.9967946245824;1452.35;727.3407;1.0;enero
TOTAL ZUMO/NECTAR SG;0.10364777951976;0.10175283490556;9.159;0.9817174605864405;4680.982;4768.156;1.0;enero
NECTARES SG;0.07547224380413;0.06224619382545;5.994;0.8247561048668427;2863.54;3471.984;2.0;enero
ZUMOS ENRIQ.SG;0.07078248738834;0.05689009615879;5.524;0.8037312371727015;2617.141;3256.239;2.0;enero
T.FRUTA&HORTA.TRAN.SG;0.03265693821709;0.13712019995864;13.497;4.198807587137862;6308.003;1502.332;1.0;enero
PLATOS PREPARADOS SG;0.35040128764481;0.94609393237734;45.045;2.700029839320532;43523.59;16119.67;1.0;enero
PLAT.PREP.CONSERV.SG;0.02028091569136;0.1903987413192;11.367;9.388074198262323;8759.0;932.9921999999999;2.0;enero
PLAT.PREP.CONGEL. SG;0.01691220352111;0.09126094911022;5.971;5.396159583599286;4198.319;778.0198;2.0;enero
P.P.SOPAS Y CREMA SG;0.26008481106701;0.41424105741799;26.877;1.5927152982080772;19056.52;11964.8;2.0;enero
P.P.PIZZA SG;0.00303185921272;0.02740494142635;1.096;9.038988786601278;1260.722;139.476;2.0;enero
TORTILLAS REFRIGE.SG;0.04327533624836;0.17771760692991;10.773;4.106671890657846;8175.624;1990.815;2.0;enero
PLATOS PREP.OTROS SG;0.00681616842548;0.04507052748615;6.204;6.612296626593398;2073.4;313.5673;2.0;enero
CALDOS SIN GLUTEN;0.00456757863688;0.06122533572652;6.872;13.404330958232364;2816.577;210.12439999999998;1.0;enero
SALSAS SIN GLUTEN;0.05248512269882;0.20937188133354;19.671;3.989166273555113;9631.83;2414.497;1.0;enero
GASEOSAS&BEBID.REF.SG;0.16326667069999;0.18673179937713;10.502;1.1437227119076439;8590.308;7510.831;1.0;enero
BEBIDAS REFRESCAN.SG;0.16326667069999;0.18673179937713;10.502;1.1437227119076439;8590.308;7510.831;2.0;enero
BASES PIZZA&MASAS SG;0.0011191524545;0.01155664494438;0.691;10.326247239966374;531.6456;51.48488;1.0;enero
HARINAS Y SEMOLAS SG;0.01543009963473;0.04828409044116;3.835;3.1292144305058947;2221.235;709.8379;1.0;enero
RESTO PRODUCTOS SG;0.24347562391469;0.68393232079135;41.38;2.8090381689748516;31463.25;11200.72;1.0;enero
ALIMENTACION FRESCA;18.237900808870222;53.42199866058258;0.0;2.9291747564829427;2457596.5315;839006.4560199999;0.0;enero
RESTO ALIMENTACION;29.657360318851936;74.59866216833854;0.0;2.5153507043888657;3431796.2262;1364341.0520100002;0.0;enero
